date,close,open,high,low,pre_close,change,pct_chg,volume,amount
"20221104","1072.8704","1048.8909","1077.4898","1048.8909","1048.0697","24.8007","2.3663","15534409","79527009.859"
"20221103","1048.0697","1028.4327","1055.1169","1027.0384","1037.1791","10.8906","1.05","14597022","76118262.392"
"20221102","1037.1791","1020.0743","1046.8232","1017.994","1024.5223","12.6568","1.2354","16917400","81747987.649"
"20221101","1024.5223","1011.964","1029.6428","1000.967","1010.3269","14.1954","1.405","15026220","71564077.168"
"20221031","1010.3269","991.8868","1022.2345","991.8868","993.7213","16.6056","1.6711","16546709","77376669.986"
"20221028","993.7213","996.6119","1015.4204","989.227","1004.9093","-11.188","-1.1133","14442282","70834060.609"
"20221027","1004.9093","1008.7056","1021.563","995.5518","1003.2544","1.6549","0.165","15104565","72737466.132"
"20221026","1003.2544","972.4514","1010.9808","963.3635","971.3335","31.9209","3.2863","14944917","71704252.473"
"20221025","971.3335","962.9727","984.4785","955.5696","969.4924","1.8411","0.1899","12032286","59056657.256"
"20221024","969.4924","967.5646","989.6479","960.6231","967.9801","1.5123","0.1562","13263780","62747445.198"
"20221021","967.9801","961.4834","972.8111","951.6716","963.9516","4.0285","0.4179","12339327","56998115.226"
"20221020","963.9516","944.1612","976.7116","938.3342","949.4981","14.4535","1.5222","13492214","65795802.736"
"20221019","949.4981","957.7333","963.1105","949.4981","959.9995","-10.5014","-1.0939","11824277","53369636.239"
"20221018","959.9995","964.9702","968.1267","952.9945","963.2239","-3.2244","-0.3348","13254453","59066105.579"
"20221017","963.2239","948.6421","964.9481","946.9386","954.9237","8.3002","0.8692","14404748","66314343.847"
"20221014","954.9237","936.4215","961.5047","925.9315","926.5203","28.4034","3.0656","13755285","62532097.94"
"20221013","926.5203","917.3966","942.8684","916.3668","924.9136","1.6067","0.1737","11210006","49018814.76"
"20221012","924.9136","890.2856","926.191","871.453","892.7394","32.1742","3.604","10789074","47861035.456"
"20221011","892.7394","898.3667","904.4706","889.4474","897.335","-4.5956","-0.5121","8002565","38268252.178"
"20221010","897.335","933.0209","934.9621","895.2032","939.3763","-42.0413","-4.4754","9226559","44637059.938"
"20220930","939.3763","956.4046","961.8853","937.8648","961.4745","-22.0982","-2.2984","8064603","34938533.823"
"20220929","961.4745","962.4481","970.1118","955.6069","956.1881","5.2864","0.5529","8817168","39256418.263"
"20220928","956.1881","973.4745","977.6638","955.32","976.4453","-20.2572","-2.0746","9450678","38121212.441"
"20220927","976.4453","963.488","976.4453","959.1965","961.8284","14.6169","1.5197","10265123","42069804.778"
"20220926","961.8284","955.0406","978.4942","952.1785","960.9396","0.8888","0.0925","10879005","40592618.971"
"20220923","960.9396","975.5775","984.1063","956.1147","975.8694","-14.9298","-1.5299","9223295","41107569.94"
"20220922","975.8694","964.959","986.4305","963.8883","970.3929","5.4765","0.5644","8075362","37964851.581"
"20220921","970.3929","980.621","983.7956","968.7099","985.151","-14.7581","-1.4981","8649923","37244799.736"
"20220920","985.151","982.3683","997.2182","977.2748","975.5474","9.6036","0.9844","7670276","38547530.763"
"20220919","975.5474","997.5257","1003.1509","970.8677","998.5182","-22.9708","-2.3005","9222551","44995900.217"
"20220916","998.5182","997.3582","1018.7151","997.3582","1000.0806","-1.5624","-0.1562","9295366","46181303.575"
"20220915","1000.0806","1035.7638","1037.6253","990.8531","1031.304","-31.2234","-3.0276","11337668","55344205.425"
"20220914","1031.304","1018.0741","1033.4533","1016.8725","1031.1702","0.1338","0.013","8314302","42714101.319"
"20220913","1031.1702","1034.4973","1046.1828","1028.7725","1033.7843","-2.6141","-0.2529","8362207","42605921.665"
"20220909","1033.7843","1039.5877","1042.1106","1022.6771","1040.773","-6.9887","-0.6715","8187492","44467574.053"
"20220908","1040.773","1050.3194","1054.7385","1040.0483","1049.5791","-8.8061","-0.839","9081518","44011257.25"
"20220907","1049.5791","1032.0248","1065.1669","1031.9045","1035.7838","13.7953","1.3319","10687587","54679963.502"
"20220906","1035.7838","1025.8577","1038.9673","1016.6465","1024.3926","11.3912","1.112","9997951","49119091.6"
"20220905","1024.3926","1030.5956","1034.9501","1018.5572","1030.1201","-5.7275","-0.556","10061240","49789709.327"
"20220902","1030.1201","1027.4676","1040.4563","1022.5826","1025.6604","4.4597","0.4348","9911829","49552633.275"
"20220901","1025.6604","1032.7751","1041.9187","1023.5414","1029.6563","-3.9959","-0.3881","10261082","49633953.224"
"20220831","1029.6563","1048.4009","1057.8354","1023.4726","1050.2819","-20.6256","-1.9638","11907422","57851109.21"
"20220830","1050.2819","1054.2557","1064.7623","1047.7292","1054.2848","-4.0029","-0.3797","9794386","48853062.1"
"20220829","1054.2848","1032.0404","1058.7185","1029.8875","1045.9939","8.2909","0.7926","10769680","54207045.503"
"20220826","1045.9939","1064.7114","1069.2639","1044.3969","1055.8892","-9.8953","-0.9372","11305675","55974923.072"
"20220825","1055.8892","1071.9812","1077.6644","1044.7723","1068.9833","-13.0941","-1.2249","12317057","56989517.679"
"20220824","1068.9833","1110.0066","1112.7455","1068.9833","1107.2996","-38.3163","-3.4603","14611786","67970770.501"
"20220823","1107.2996","1109.2525","1117.7146","1105.6814","1107.2808","0.0188","0.0017","12444586","61849888.665"
"20220822","1107.2808","1103.1526","1111.396","1096.9895","1108.4523","-1.1715","-0.1057","13588642","69538801.8"
"20220819","1108.4523","1146.3272","1155.7787","1108.1567","1146.6341","-38.1818","-3.3299","16589097","77789155.685"
"20220818","1146.6341","1132.6024","1148.3835","1129.3245","1132.3118","14.3223","1.2649","15236276","73948365.796"
"20220817","1132.3118","1136.8015","1140.6584","1127.8897","1137.3015","-4.9897","-0.4387","12724451","63741212.775"
"20220816","1137.3015","1143.7048","1154.4251","1134.2111","1143.7473","-6.4458","-0.5636","12572219","62751824.193"
"20220815","1143.7473","1145.0219","1155.451","1138.062","1146.1911","-2.4438","-0.2132","12172440","60283774.437"
"20220812","1146.1911","1169.6617","1174.4035","1146.019","1173.1444","-26.9533","-2.2975","14592381","70866061.256"
"20220811","1173.1444","1163.5388","1176.0599","1150.9825","1156.1562","16.9882","1.4694","14374724","70481101.15"
"20220810","1156.1562","1154.1743","1170.5173","1152.9685","1162.3201","-6.1639","-0.5303","14272798","70954179.064"
"20220809","1162.3201","1152.9139","1163.6975","1141.3422","1152.5774","9.7427","0.8453","14508790","70148670.438"
"20220808","1152.5774","1161.0428","1161.0428","1144.3155","1157.3329","-4.7555","-0.4109","16118744","79867487.234"
"20220805","1157.3329","1115.0157","1158.5128","1112.9196","1110.9172","46.4157","4.1781","18170966","85412062.999"
"20220804","1110.9172","1106.1511","1119.497","1099.1044","1100.3484","10.5688","0.9605","12893393","60576173.105"
"20220803","1100.3484","1099.4411","1127.0003","1090.6051","1094.9146","5.4338","0.4963","16086424","77772826.941"
"20220802","1094.9146","1084.9808","1107.2352","1074.9743","1100.1819","-5.2673","-0.4788","14710583","67156857.685"
"20220801","1100.1819","1081.6231","1100.9597","1068.1878","1088.9128","11.2691","1.0349","11774034","57619549.394"
"20220729","1088.9128","1113.0776","1113.3227","1086.7147","1108.7909","-19.8781","-1.7928","11999335","58274575.772"
"20220728","1108.7909","1102.4382","1116.163","1094.66","1095.6989","13.092","1.1949","12965483","61601592.6"
"20220727","1095.6989","1083.6708","1098.3653","1083.3222","1084.6572","11.0417","1.018","10781892","52157860.094"
"20220726","1084.6572","1072.544","1087.8579","1066.1313","1073.7608","10.8964","1.0148","9935264","46607282.955"
"20220725","1073.7608","1082.6173","1095.6934","1070.8119","1084.9742","-11.2134","-1.0335","10544993","50634308.408"
"20220722","1084.9742","1099.6229","1101.3702","1076.3539","1091.4068","-6.4326","-0.5894","11345458","52962940.478"
"20220721","1091.4068","1080.6465","1109.5402","1075.6716","1079.5267","11.8801","1.1005","11941082","57898834.982"
"20220720","1079.5267","1066.1994","1082.6178","1066.1994","1061.853","17.6737","1.6644","10869764","47975805.93"
"20220719","1061.853","1068.6931","1073.0641","1052.954","1069.3315","-7.4785","-0.6994","10769581","49932957.639"
"20220718","1069.3315","1075.7091","1078.3026","1053.3502","1072.2621","-2.9306","-0.2733","10702567","52866494.909"
"20220715","1072.2621","1072.9932","1093.8199","1071.9749","1076.8066","-4.5445","-0.422","10002371","49883617.607"
"20220714","1076.8066","1052.431","1086.3263","1049.6468","1052.7914","24.0152","2.2811","10386484","51528964.771"
"20220713","1052.7914","1051.7777","1061.4114","1041.6502","1049.2412","3.5502","0.3384","8995422","46314541.669"
"20220712","1049.2412","1081.9019","1084.9442","1049.2119","1081.1633","-31.9221","-2.9526","9916930","50931144.409"
"20220711","1081.1633","1098.6654","1098.6654","1070.6564","1104.0217","-22.8584","-2.0705","9892558","50080649.455"
"20220708","1104.0217","1117.1828","1120.8705","1100.5455","1111.6734","-7.6517","-0.6883","10217150","52137364.883"
"20220707","1111.6734","1103.78","1113.7254","1087.593","1101.7487","9.9247","0.9008","10722936","55797320.317"
"20220706","1101.7487","1092.7005","1116.1385","1091.4134","1090.9295","10.8192","0.9917","11098901","55813604.565"
"20220705","1090.9295","1100.1778","1106.9889","1077.3476","1095.0899","-4.1604","-0.3799","10864734","53465378.704"
"20220704","1095.0899","1087.344","1098.6382","1073.0374","1089.0284","6.0615","0.5566","12158535","60451658.539"
"20220701","1089.0284","1105.9735","1107.8583","1086.2493","1105.6672","-16.6388","-1.5049","11272489","51632334.459"
"20220630","1105.6672","1092.4591","1116.9531","1090.4982","1090.6825","14.9847","1.3739","11699048","56981778.263"
"20220629","1090.6825","1112.5906","1121.2367","1089.2481","1117.284","-26.6015","-2.3809","13435015","64007362.686"
"20220628","1117.284","1105.1145","1119.1846","1084.5866","1103.3992","13.8848","1.2584","12493418","59065500.457"
"20220627","1103.3992","1113.2171","1121.4479","1101.317","1101.4769","1.9223","0.1745","11837409","58368299.304"
"20220624","1101.4769","1084.6086","1107.332","1084.6086","1081.8437","19.6332","1.8148","12574040","60920314.953"
"20220623","1081.8437","1064.731","1083.1024","1054.9114","1063.6899","18.1538","1.7067","11016481","51783724.674"
"20220622","1063.6899","1084.7111","1090.0236","1063.5897","1083.0207","-19.3308","-1.7849","10786063","50509220.158"
"20220621","1083.0207","1094.3283","1098.9015","1073.5046","1095.3284","-12.3077","-1.1237","10545015","48908016.628"
"20220620","1095.3284","1099.4648","1109.7435","1086.7545","1092.0872","3.2412","0.2968","10970631","53714442.705"
"20220617","1092.0872","1070.6175","1094.267","1066.1682","1078.9465","13.1407","1.2179","10617344","50000414.257"
"20220616","1078.9465","1065.69","1094.7025","1065.4434","1062.7133","16.2332","1.5275","10129777","45297339.619"
"20220615","1062.7133","1069.9379","1085.8778","1061.4614","1070.5371","-7.8238","-0.7308","11204511","47345744.076"
"20220614","1070.5371","1073.7477","1076.8211","1038.9973","1088.3772","-17.8401","-1.6391","11274084","50175254.79"
"20220613","1088.3772","1088.7597","1094.7905","1080.3858","1102.8486","-14.4714","-1.3122","11242662","50825746.065"
"20220610","1102.8486","1074.0719","1103.1454","1072.1815","1081.1731","21.6755","2.0048","12923596","59807403.165"
"20220609","1081.1731","1108.9307","1109.7339","1073.66","1111.6738","-30.5007","-2.7437","11377633","49277059.636"
"20220608","1111.6738","1108.594","1126.464","1091.6764","1111.3951","0.2787","0.0251","15056600","66838053.875"
"20220607","1111.3951","1124.162","1124.5225","1104.4332","1121.5373","-10.1422","-0.9043","16527788","63981168.506"
"20220606","1121.5373","1084.6559","1130.7569","1081.4477","1079.8543","41.683","3.8601","22940399","86152862.531"
"20220602","1079.8543","1028.6856","1081.9235","1023.9882","1031.5833","48.271","4.6793","19161110","65527463.07"
"20220601","1031.5833","1029.0909","1038.7025","1024.7637","1035.3156","-3.7323","-0.3605","13257484","48489690.654"
"20220531","1035.3156","1004.0805","1035.3156","991.7451","1001.5397","33.7759","3.3724","12296032","44653234.049"
"20220530","1001.5397","995.9564","1007.1244","984.2813","993.6989","7.8408","0.7891","7110602","31716279.173"
"20220527","993.6989","1008.0577","1015.4621","988.2122","1004.2564","-10.5575","-1.0513","6835761","29557921.283"
"20220526","1004.2564","1006.0996","1014.8498","986.4223","1006.5233","-2.2669","-0.2252","6793010","30087268.502"
"20220525","1006.5233","996.7532","1008.5834","991.9746","996.648","9.8753","0.9909","6407957","28654570.958"
"20220524","996.648","1045.0073","1045.0282","996.648","1046.1456","-49.4976","-4.7314","9146504","40634755.595"
"20220523","1046.1456","1044.1836","1050.0646","1033.7887","1045.3768","0.7688","0.0735","7552498","35743893.068"
"20220520","1045.3768","1045.6902","1049.038","1028.945","1036.3409","9.0359","0.8719","8060715","38339562.828"
"20220519","1036.3409","1002.6563","1036.6655","999.4038","1013.997","22.3439","2.2035","7902840","35414716.281"
"20220518","1013.997","1011.5258","1023.9293","1007.5721","1010.3701","3.6269","0.359","6720129","30256742.092"
"20220517","1010.3701","995.9742","1013.9504","993.3804","996.5061","13.864","1.3913","7342573","33454328.1"
"20220516","996.5061","1016.941","1025.6011","995.2484","1010.8038","-14.2977","-1.4145","7612821","31859903.2"
"20220513","1010.8038","1020.3921","1021.3733","1002.2742","1013.0628","-2.259","-0.223","6622283","30044975.1"
"20220512","1013.0628","999.5381","1021.9634","996.469","1002.456","10.6068","1.0581","8131937","35773881.5"
"20220511","1002.456","974.5371","1026.4892","972.8599","972.1412","30.3148","3.1184","10648066","45957025.1"
"20220510","972.1412","935.0587","983.6753","931.5821","946.7246","25.4166","2.6847","8374513","36751721.896"
"20220509","946.7246","938.3929","953.5994","937.4347","942.2273","4.4973","0.4773","6765286","28141796.468"
"20220506","942.2273","933.0104","960.0423","929.8231","956.1268","-13.8995","-1.4537","7183487","30829293.647"
"20220505","956.1268","944.5541","967.253","944.0617","947.1508","8.976","0.9477","8590368","37635407.717"
"20220429","947.1508","910.1357","949.0618","902.5828","903.0643","44.0865","4.8819","9738874","40114880.859"
"20220428","903.0643","899.6609","908.4528","885.2511","906.4327","-3.3684","-0.3716","8793258","35869711.522"
"20220427","906.4327","857.3813","910.0714","853.2135","868.0672","38.3655","4.4196","9287122","36178188.051"
"20220426","868.0672","884.1803","901.7612","865.6522","884.3049","-16.2377","-1.8362","8059534","31634771.487"
"20220425","884.3049","924.9594","924.9594","884.3049","942.0685","-57.7636","-6.1316","9136037","33579640.145"
"20220422","942.0685","953.6411","959.7311","940.2646","957.7174","-15.6489","-1.634","6360020","29501742.216"
"20220421","957.7174","968.4769","989.2479","954.8413","973.5102","-15.7928","-1.6223","6865450","29289045.594"
"20220420","973.5102","988.751","992.4669","973.0504","989.933","-16.4228","-1.659","6078594","27981625.148"
"20220419","989.933","1002.9761","1010.5771","987.773","1004.6079","-14.6749","-1.4608","6158754","28189142.665"
"20220418","1004.6079","969.0595","1005.8905","964.4929","973.3632","31.2447","3.21","7087611","30602442.907"
"20220415","973.3632","968.9073","980.147","955.7685","975.574","-2.2108","-0.2266","6724774","30706156.658"
"20220414","975.574","972.2369","982.7034","961.536","964.8323","10.7417","1.1133","6624018","33156219.004"
"20220413","964.8323","989.6626","989.6626","964.8323","994.4384","-29.6061","-2.9772","5728478","26146132.139"
"20220412","994.4384","987.451","994.8326","970.0519","988.7613","5.6771","0.5742","6643485","30018158.616"
"20220411","988.7613","1022.9117","1022.9117","985.5852","1027.2438","-38.4825","-3.7462","7376606","30848958.697"
"20220408","1027.2438","1032.8376","1039.0962","1017.1813","1036.0738","-8.83","-0.8523","7185175","31345365.771"
"20220407","1036.0738","1050.4342","1059.3597","1036.0738","1058.4927","-22.4189","-2.118","7199422","30482509.986"
"20220406","1058.4927","1087.7552","1087.7552","1054.6987","1089.1947","-30.702","-2.8188","7593340","35342580.87"
"20220401","1089.1947","1085.3059","1095.4553","1074.7932","1091.0588","-1.8641","-0.1709","6563324","31147489.768"
"20220331","1091.0588","1109.553","1109.553","1086.9895","1112.5186","-21.4598","-1.9289","7493790","33701363.377"
"20220330","1112.5186","1084.7637","1112.6275","1084.7637","1079.933","32.5856","3.0174","7382173","34920037.079"
"20220329","1079.933","1097.3573","1099.2434","1078.3421","1090.7343","-10.8013","-0.9903","6966104","31442742.848"
"20220328","1090.7343","1097.8697","1101.3291","1085.2738","1106.8627","-16.1284","-1.4571","6734435","29905053.728"
"20220325","1106.8627","1137.7967","1140.9204","1106.3626","1134.57","-27.7073","-2.4421","7338739","33573881.983"
"20220324","1134.57","1135.8469","1141.7551","1121.6449","1144.0887","-9.5187","-0.832","8134171","36435083.633"
"20220323","1144.0887","1138.7304","1150.2031","1130.2245","1134.3184","9.7703","0.8613","8990593","37533051.63"
"20220322","1134.3184","1145.082","1149.4688","1131.875","1152.3256","-18.0072","-1.5627","10100149","39676749.074"
"20220321","1152.3256","1143.5474","1160.7095","1137.8125","1144.3212","8.0044","0.6995","9242880","46531974.243"
"20220318","1144.3212","1136.9841","1144.3212","1124.8531","1142.713","1.6082","0.1407","8593988","42491108.799"
"20220317","1142.713","1144.9754","1163.5062","1138.0115","1125.4845","17.2285","1.5308","11980371","58802348.581"
"20220316","1125.4845","1115.8404","1128.1155","1070.7745","1093.4328","32.0517","2.9313","11589989","54132659.09"
"20220315","1093.4328","1115.1873","1142.81","1093.4328","1126.282","-32.8492","-2.9166","10622022","49802723.254"
"20220314","1126.282","1151.9658","1154.7026","1126.2614","1161.2101","-34.9281","-3.0079","8923501","49002009.517"
"20220311","1161.2101","1137.6069","1162.5962","1125.3437","1153.3575","7.8526","0.6808","10553236","52556982.618"
"20220310","1153.3575","1161.9879","1168.1394","1149.4154","1129.6471","23.7104","2.0989","10228939","50046955.57"
"20220309","1129.6471","1148.1814","1156.4004","1097.0722","1137.0749","-7.4278","-0.6532","10917419","48790637.558"
"20220308","1137.0749","1167.5937","1179.1959","1135.5194","1169.9825","-32.9076","-2.8127","9672312","47418263.838"
"20220307","1169.9825","1198.0119","1198.0119","1164.9814","1203.0891","-33.1066","-2.7518","8184385","41972092.269"
"20220304","1203.0891","1201.1241","1228.1876","1197.8335","1209.8187","-6.7296","-0.5562","7767776","39930472.638"
"20220303","1209.8187","1235.9584","1237.1979","1208.8194","1230.2782","-20.4595","-1.663","7620905","39447162.344"
"20220302","1230.2782","1233.1042","1233.9161","1216.4668","1239.019","-8.7408","-0.7055","7208667","36213535.916"
"20220301","1239.019","1254.5696","1259.677","1232.0914","1249.5852","-10.5662","-0.8456","8568308","42394223.284"
"20220228","1249.5852","1243.9803","1249.5852","1230.6454","1240.8776","8.7076","0.7017","9812227","50069597.61"
"20220225","1240.8776","1231.5406","1253.4553","1230.6061","1214.9889","25.8887","2.1308","8620741","46247054.185"
"20220224","1214.9889","1226.9481","1240.3537","1199.0721","1231.077","-16.0881","-1.3068","11331530","51365988.764"
"20220223","1231.077","1182.4218","1233.4417","1181.4023","1183.9818","47.0952","3.9777","9068585","45910558.536"
"20220222","1183.9818","1184.835","1186.7833","1168.5652","1193.6012","-9.6194","-0.8059","7696765","34764818.367"
"20220221","1193.6012","1207.1474","1212.4942","1191.8391","1204.3705","-10.7693","-0.8942","7576727","32960332.337"
"20220218","1204.3705","1200.3428","1206.0129","1195.2398","1207.8211","-3.4506","-0.2857","6396948","29866344.015"
"20220217","1207.8211","1196.5983","1217.4702","1191.4463","1197.5615","10.2596","0.8567","7402910","34088935.467"
"20220216","1197.5615","1210.4158","1211.5529","1195.9717","1203.1243","-5.5628","-0.4624","7084265","32165254.606"
"20220215","1203.1243","1172.7707","1204.34","1171.6756","1169.4421","33.6822","2.8802","7440951","34578447.29"
"20220214","1169.4421","1161.8449","1179.8879","1148.7033","1169.5896","-0.1475","-0.0126","6205633","29024141.822"
"20220211","1169.5896","1182.8686","1188.5179","1168.9044","1188.1974","-18.6078","-1.5661","8975096","37864107.548"
"20220210","1188.1974","1214.9815","1215.2781","1182.3976","1210.2863","-22.0889","-1.8251","9020558","40602727.373"
"20220209","1210.2863","1204.241","1212.4495","1195.0854","1204.0542","6.2321","0.5176","8613441","36392738.612"
"20220208","1204.0542","1233.6572","1233.6572","1191.4926","1233.6183","-29.5641","-2.3965","8219262","34921999.307"
"20220207","1233.6183","1247.5846","1263.9658","1230.7044","1229.2236","4.3947","0.3575","8199670","33876596.597"
"20220128","1229.2236","1253.942","1255.1908","1229.2236","1240.5543","-11.3307","-0.9134","9061238","37089018.612"
"20220127","1240.5543","1274.6265","1280.2453","1239.4889","1276.3622","-35.8079","-2.8055","11187482","41994952.495"
"20220126","1276.3622","1281.5104","1289.4081","1261.9509","1277.0039","-0.6417","-0.0503","15139954","43889405.966"
"20220125","1277.0039","1303.93","1311.7283","1276.196","1307.7417","-30.7378","-2.3504","8234706","42025406.994"
"20220124","1307.7417","1286.1386","1311.5068","1285.0377","1290.4057","17.336","1.3435","7030921","41625125.269"
"20220121","1290.4057","1304.1581","1308.4372","1288.7805","1306.023","-15.6173","-1.1958","8648363","45936325.969"
"20220120","1306.023","1326.6377","1329.8129","1304.6922","1324.0889","-18.0659","-1.3644","9122820","49500717.264"
"20220119","1324.0889","1340.7132","1343.3027","1318.3106","1342.356","-18.2671","-1.3608","8753067","48702658.329"
"20220118","1342.356","1340.414","1362.4779","1328.4021","1338.3172","4.0388","0.3018","11182558","62509376.314"
"20220117","1338.3172","1317.385","1341.1732","1313.6157","1312.2923","26.0249","1.9832","10462288","67043438.4"
"20220114","1312.2923","1289.3818","1316.3277","1288.8503","1294.6527","17.6396","1.3625","9975888","60827015.852"
"20220113","1294.6527","1319.1868","1319.1868","1294.6527","1316.3531","-21.7004","-1.6485","8251106","51538527.249"
"20220112","1316.3531","1298.6229","1317.523","1298.6229","1294.4038","21.9493","1.6957","8890363","54801854.442"
"20220111","1294.4038","1317.9239","1317.9274","1291.5074","1318.2665","-23.8627","-1.8102","8035785","48705084.901"
"20220110","1318.2665","1306.5973","1323.1549","1291.4089","1305.4918","12.7747","0.9785","8517367","49356827.246"
"20220107","1305.4918","1322.8916","1331.9148","1305.1409","1320.935","-15.4432","-1.1691","9117416","48006858.049"
"20220106","1320.935","1327.6967","1331.4326","1309.8973","1333.3348","-12.3998","-0.93","7953740","45491782.4"
"20220105","1333.3348","1364.0143","1365.7661","1328.2901","1364.9894","-31.6546","-2.319","9000497","51248062.399"
"20220104","1364.9894","1403.3937","1405.5148","1361.4322","1398.1941","-33.2047","-2.3748","9302562","53289175.337"
"20211231","1398.1941","1384.2783","1399.7538","1383.8355","1375.5602","22.6339","1.6454","7840208","46438686.183"
"20211230","1375.5602","1355.9678","1381.4354","1355.4075","1356.2141","19.3461","1.4265","7816841","44883693.416"
"20211229","1356.2141","1370.4936","1370.4936","1351.9984","1369.6193","-13.4052","-0.9788","6304036","36993070.189"
"20211228","1369.6193","1355.6539","1370.3113","1355.6539","1355.6358","13.9835","1.0315","6636276","38673312.16"
"20211227","1355.6358","1356.4098","1369.2119","1349.1108","1358.7302","-3.0944","-0.2277","6350202","37254102.355"
"20211224","1358.7302","1375.1782","1378.2987","1353.6535","1375.9682","-17.238","-1.2528","7635981","43953080.972"
"20211223","1375.9682","1375.8297","1380.147","1366.9899","1375.0299","0.9383","0.0682","7016695","39277392.722"
"20211222","1375.0299","1378.3107","1386.2428","1373.5253","1374.6495","0.3804","0.0277","7598660","41126794.178"
"20211221","1374.6495","1366.2729","1378.4886","1363.9685","1363.9562","10.6933","0.784","6785367","39417534.188"
"20211220","1363.9562","1389.1787","1401.3367","1363.1149","1399.0594","-35.1032","-2.5091","7751401","49468157.664"
"20211217","1399.0594","1426.7922","1430.3917","1395.6431","1425.9289","-26.8695","-1.8844","8054162","47203642.608"
"20211216","1425.9289","1425.5285","1436.0615","1419.7022","1424.8995","1.0294","0.0722","7414006","45586156.575"
"20211215","1424.8995","1439.116","1443.5514","1424.769","1439.4694","-14.5699","-1.0122","8234987","52994807.111"
"20211214","1439.4694","1445.0515","1451.6787","1435.8854","1445.7068","-6.2374","-0.4314","7914952","46923829.789"
"20211213","1445.7068","1439.1869","1450.8272","1434.1481","1435.7028","10.004","0.6968","8536485","52692244.311"
"20211210","1435.7028","1431.848","1442.6215","1424.9966","1434.5223","1.1805","0.0823","10303018","65177424.558"
"20211209","1434.5223","1417.3439","1438.4892","1410.1452","1415.3738","19.1485","1.3529","8145978","50724633.789"
"20211208","1415.3738","1394.9886","1416.6852","1394.9886","1389.437","25.9368","1.8667","7151266","43464660.479"
"20211207","1389.437","1412.997","1415.0539","1380.5106","1405.7709","-16.3339","-1.1619","8730994","49753478.346"
"20211206","1405.7709","1444.9333","1445.1648","1405.5084","1444.8339","-39.063","-2.7036","9235243","52675883.724"
"20211203","1444.8339","1432.2287","1444.9906","1431.5923","1429.5001","15.3338","1.0727","8489747","49199143.832"
"20211202","1429.5001","1454.7395","1458.0848","1427.9764","1456.4829","-26.9828","-1.8526","9043364","53134454.513"
"20211201","1456.4829","1473.5206","1479.0866","1452.7528","1475.7129","-19.23","-1.3031","8961384","57971666.77"
"20211130","1475.7129","1477.8041","1479.926","1463.1472","1471.2291","4.4838","0.3048","10256269","61559709.266"
"20211129","1471.2291","1448.4979","1474.4443","1444.3016","1459.9317","11.2974","0.7738","10436432","65692939.858"
"20211126","1459.9317","1466.3632","1470.5331","1450.9315","1468.072","-8.1403","-0.5545","9106979","55082466.66"
"20211125","1468.072","1472.6356","1477.7368","1465.6396","1472.2247","-4.1527","-0.2821","9806109","55635892.746"
"20211124","1472.2247","1477.9611","1489.7134","1471.6161","1476.2528","-4.0281","-0.2729","10066693","59766566.189"
"20211123","1476.2528","1477.6681","1485.7988","1473.5517","1479.9874","-3.7346","-0.2523","10579714","62351543.264"
"20211122","1479.9874","1449.4523","1483.4845","1449.3754","1444.7839","35.2035","2.4366","11213782","67432278.583"
"20211119","1444.7839","1424.7587","1447.1857","1424.7587","1423.9704","20.8135","1.4617","9380937","52706234.189"
"20211118","1423.9704","1433.508","1433.635","1417.1655","1436.1583","-12.1879","-0.8486","10239622","57006568.885"
"20211117","1436.1583","1420.9881","1438.8014","1414.1235","1421.2749","14.8834","1.0472","9775222","51587227.8"
"20211116","1421.2749","1428.481","1438.6107","1418.1952","1432.5994","-11.3245","-0.7905","10301429","52554665.695"
"20211115","1432.5994","1441.4073","1448.0286","1429.3163","1440.1567","-7.5573","-0.5248","11415896","61527266.128"
"20211112","1440.1567","1432.7093","1444.4057","1425.581","1437.1495","3.0072","0.2092","10727916","59031351.941"
"20211111","1437.1495","1418.4838","1443.6028","1416.1839","1420.4519","16.6976","1.1755","10200216","57249078.165"
"20211110","1420.4519","1417.6609","1423.3063","1398.8821","1420.5088","-0.0569","-0.004","8704593","48751038.564"
"20211109","1420.5088","1404.8897","1422.8961","1397.8212","1400.7951","19.7137","1.4073","8749737","48290344.945"
"20211108","1400.7951","1398.5658","1401.0456","1381.6178","1396.7382","4.0569","0.2905","8082439","45547620.469"
"20211105","1396.7382","1416.243","1418.8812","1396.0334","1410.7421","-14.0039","-0.9927","9115940","48447465.368"
"20211104","1410.7421","1404.6586","1420.334","1404.6586","1399.5496","11.1925","0.7997","8411022","46770260.781"
"20211103","1399.5496","1408.1959","1416.4734","1386.3954","1405.6405","-6.0909","-0.4333","7383885","43143724.386"
"20211102","1405.6405","1405.8651","1423.9262","1395.6992","1404.2078","1.4327","0.102","9807672","55141910.705"
"20211101","1404.2078","1398.5852","1415.5761","1392.4007","1396.1952","8.0126","0.5739","9112094","55378881.937"
"20211029","1396.1952","1363.25","1398.4168","1355.3709","1356.3747","39.8205","2.9358","8218328","50999073.36"
"20211028","1356.3747","1359.0729","1371.1742","1354.7179","1361.8172","-5.4425","-0.3996","8884098","47427890.543"
"20211027","1361.8172","1371.7912","1374.3617","1354.3047","1376.1258","-14.3086","-1.0398","8823225","46287276.919"
"20211026","1376.1258","1379.785","1389.4832","1372.6554","1380.3088","-4.183","-0.303","7720807","46384983.677"
"20211025","1380.3088","1366.2051","1381.2355","1359.6254","1368.1361","12.1727","0.8897","7034967","42113126.249"
"20211022","1368.1361","1367.0587","1379.1876","1359.2732","1362.4049","5.7312","0.4207","6723731","37975476.344"
"20211021","1362.4049","1374.6488","1379.1943","1355.9314","1373.593","-11.1881","-0.8145","6545723","35526154.285"
"20211020","1373.593","1370.2134","1381.0631","1363.6535","1366.7911","6.8019","0.4977","7260010","39490454.471"
"20211019","1366.7911","1355.07","1369.1628","1352.0107","1352.5749","14.2162","1.051","6254979","35742204.53"
"20211018","1352.5749","1366.5541","1366.5541","1338.8891","1363.1635","-10.5886","-0.7768","6536446","37979670.438"
"20211015","1363.1635","1349.4048","1367.2346","1341.7523","1347.268","15.8955","1.1798","6729274","38052889.205"
"20211014","1347.268","1346.9885","1356.2118","1339.562","1344.7629","2.5051","0.1863","5616097","30878604.208"
"20211013","1344.7629","1322.8884","1349.167","1322.8884","1319.3894","25.3735","1.9231","5223684","31080566.725"
"20211012","1319.3894","1348.2245","1355.9199","1312.4399","1349.7707","-30.3813","-2.2508","5915764","33115024.273"
"20211011","1349.7707","1367.2126","1377.3116","1348.0499","1364.4581","-14.6874","-1.0764","5145543","31268013.696"
"20211008","1364.4581","1378.5305","1388.0228","1361.0371","1368.7158","-4.2577","-0.3111","5502787","31614688.004"
"20210930","1368.7158","1348.6497","1371.4941","1348.6497","1345.7697","22.9461","1.7051","5485896","31771115.684"
"20210929","1345.7697","1344.8873","1356.6437","1336.5058","1354.0959","-8.3262","-0.6149","6903713","35658624.806"
"20210928","1354.0959","1362.3276","1379.5922","1350.794","1368.6905","-14.5946","-1.0663","5858258","32249890.685"
"20210927","1368.6905","1386.5235","1397.1804","1354.2019","1374.9995","-6.309","-0.4588","8402437","43661038.139"
"20210924","1374.9995","1362.9793","1390.5031","1359.845","1363.7869","11.2126","0.8222","7169070","39188780.55"
"20210923","1363.7869","1359.6721","1376.5717","1354.2102","1355.2812","8.5057","0.6276","7350698","38058800.264"
"20210922","1355.2812","1338.0143","1361.2129","1335.5035","1349.6848","5.5964","0.4146","7818997","40621275.606"
"20210917","1349.6848","1349.342","1360.9092","1332.0953","1351.4252","-1.7404","-0.1288","8729839","45905528.412"
"20210916","1351.4252","1378.1767","1380.1621","1347.9022","1384.5213","-33.0961","-2.3904","9126226","47704416.479"
"20210915","1384.5213","1395.6109","1395.9883","1378.9494","1396.6687","-12.1474","-0.8697","7924336","43589586.772"
"20210914","1396.6687","1384.2827","1414.0915","1383.4105","1384.4339","12.2348","0.8837","9748823","51653707.667"
"20210913","1384.4339","1426.5403","1426.7633","1384.0201","1426.814","-42.3801","-2.9703","9265900","50564744.294"
"20210910","1426.814","1398.3316","1431.7057","1392.2062","1402.1908","24.6232","1.7561","10523019","55580134.91"
"20210909","1402.1908","1414.073","1425.2845","1393.6076","1412.7232","-10.5324","-0.7455","9410267","46975512.618"
"20210908","1412.7232","1439.6636","1439.6636","1408.7209","1438.5691","-25.8459","-1.7966","9905056","50089986.842"
"20210907","1438.5691","1435.7342","1443.3424","1426.026","1438.9953","-0.4262","-0.0296","9452685","51064312.997"
"20210906","1438.9953","1398.2433","1441.7099","1393.5389","1400.8902","38.1051","2.7201","9785658","50305730.257"
"20210903","1400.8902","1399.4653","1415.237","1382.6425","1399.4817","1.4085","0.1006","11395644","54303637.225"
"20210902","1399.4817","1416.1576","1424.1718","1395.5062","1424.6642","-25.1825","-1.7676","11488714","53149175.718"
"20210901","1424.6642","1437.2638","1438.3776","1400.1594","1441.1734","-16.5092","-1.1455","12748492","62190218.473"
"20210831","1441.1734","1463.1299","1463.5577","1423.5114","1471.4549","-30.2815","-2.0579","10729866","62148290.26"
"20210830","1471.4549","1487.8965","1508.7841","1463.403","1480.3135","-8.8586","-0.5984","11875582","69044750.194"
"20210827","1480.3135","1491.3405","1506.6457","1476.5555","1497.3375","-17.024","-1.137","10400805","58225637.132"
"20210826","1497.3375","1546.324","1555.0359","1494.8873","1542.7755","-45.438","-2.9452","10721530","66111394.653"
"20210825","1542.7755","1573.7417","1574.395","1535.0926","1578.0306","-35.2551","-2.2341","10847549","67461347.058"
"20210824","1578.0306","1567.6996","1586.5219","1550.8781","1564.1108","13.9198","0.8899","11717098","69500388.7"
"20210823","1564.1108","1534.3905","1568.8396","1524.1951","1529.0863","35.0245","2.2906","11546176","67456763.825"
"20210820","1529.0863","1537.9117","1557.106","1514.0672","1546.11","-17.0237","-1.1011","10376035","57383894.234"
"20210819","1546.11","1509.7193","1553.1607","1508.1674","1507.9886","38.1214","2.528","9872179","56067593.288"
"20210818","1507.9886","1514.4591","1530.2449","1501.1767","1509.2474","-1.2588","-0.0834","10366160","54323878.974"
"20210817","1509.2474","1544.4024","1555.4482","1506.7171","1547.931","-38.6836","-2.4991","10909613","58317663.859"
"20210816","1547.931","1547.3948","1565.9964","1535.3542","1552.7807","-4.8497","-0.3123","10953033","65695098.997"
"20210813","1552.7807","1580.1244","1588.2323","1549.6766","1586.5006","-33.7199","-2.1254","12574406","68917960.763"
"20210812","1586.5006","1572.1462","1604.7333","1570.3497","1578.7892","7.7114","0.4884","12889128","66518920.447"
"20210811","1578.7892","1589.4269","1593.1532","1564.9702","1588.1948","-9.4056","-0.5922","13221209","66406378.796"
"20210810","1588.1948","1574.0119","1592.827","1569.277","1574.4378","13.757","0.8738","11203302","66588106.522"
"20210809","1574.4378","1567.4415","1582.9184","1548.6866","1586.6732","-12.2354","-0.7711","10713509","64946507.294"
"20210806","1586.6732","1630.3025","1639.1861","1575.4241","1604.8067","-18.1335","-1.1299","12602316","75773482.527"
"20210805","1604.8067","1606.6509","1616.0522","1584.3093","1605.8939","-1.0872","-0.0677","12622179","75699982.985"
"20210804","1605.8939","1566.4455","1608.498","1564.462","1564.1926","41.7013","2.666","12551651","73505017.897"
"20210803","1564.1926","1586.3501","1593.0311","1558.1014","1599.4739","-35.2813","-2.2058","13659596","80646940.226"
"20210802","1599.4739","1594.0332","1619.3592","1572.1135","1591.2189","8.255","0.5188","15124102","84982615.023"
"20210730","1591.2189","1582.5752","1608.9628","1570.4464","1588.4653","2.7536","0.1733","15280930","84057006.734"
"20210729","1588.4653","1554.1336","1598.3409","1545.1058","1518.7027","69.7626","4.5936","12811655","75953387.787"
"20210728","1518.7027","1532.4201","1555.246","1476.5899","1545.2893","-26.5866","-1.7205","13614854","72690828.02"
"20210727","1545.2893","1556.9327","1627.848","1541.3577","1556.979","-11.6897","-0.7508","18598248","100863647.335"
"20210726","1556.979","1559.8363","1566.676","1496.651","1563.4901","-6.5111","-0.4164","12628435","73792406.292"
"20210723","1563.4901","1593.3136","1593.7044","1548.3876","1582.1315","-18.6414","-1.1782","11488401","66628546.667"
"20210722","1582.1315","1570.4877","1584.3174","1549.447","1565.6381","16.4934","1.0535","12357063","73695829.527"
"20210721","1565.6381","1528.5975","1576.7745","1527.6022","1522.6265","43.0116","2.8248","9164912","53221651.744"
"20210720","1522.6265","1505.0779","1529.266","1501.9213","1514.1808","8.4457","0.5578","7907029","41626662.283"
"20210719","1514.1808","1514.8295","1530.5864","1503.1132","1525.2341","-11.0533","-0.7247","8526475","46666353.37"
"20210716","1525.2341","1568.1706","1569.2475","1523.6395","1560.7038","-35.4697","-2.2727","9509712","51914556.92"
"20210715","1560.7038","1549.277","1567.2733","1536.895","1556.7196","3.9842","0.2559","9376894","50086693.911"
"20210714","1556.7196","1579.0331","1585.6033","1556.6854","1590.9772","-34.2576","-2.1532","9198546","49704057.283"
"20210713","1590.9772","1602.1191","1621.714","1573.7824","1601.6058","-10.6286","-0.6636","11111536","59109874.205"
"20210712","1601.6058","1593.5735","1611.5968","1576.7171","1583.7142","17.8916","1.1297","10538463","61743101.788"
"20210709","1583.7142","1598.2811","1602.0001","1556.5771","1610.7749","-27.0607","-1.68","10147818","56891995.38"
"20210708","1610.7749","1577.4971","1616.7019","1577.4094","1570.028","40.7469","2.5953","11734788","66145754.568"
"20210707","1570.028","1523.8271","1573.1517","1519.4098","1532.7917","37.2363","2.4293","10339861","56581070.465"
"20210706","1532.7917","1580.2838","1584.6855","1510.7134","1575.8944","-43.1027","-2.7351","11070754","64604987.629"
"20210705","1575.8944","1545.6784","1581.0663","1545.6784","1538.1577","37.7367","2.4534","9806062","59017051.094"
"20210702","1538.1577","1563.8279","1564.8776","1527.196","1579.8041","-41.6464","-2.6362","9514212","56474886.976"
"20210701","1579.8041","1587.5273","1594.1122","1569.9003","1588.2167","-8.4126","-0.5297","10411769","59093844.796"
"20210630","1588.2167","1564.3164","1603.3523","1558.9567","1562.0783","26.1384","1.6733","11534991","61925901.624"
"20210629","1562.0783","1567.8825","1576.8712","1546.6782","1562.9795","-0.9012","-0.0577","10390392","51286649.082"
"20210628","1562.9795","1538.0184","1579.2213","1536.7115","1534.8494","28.1301","1.8328","10952572","55064925.604"
"20210625","1534.8494","1505.2867","1536.504","1502.8909","1504.8079","30.0415","1.9964","10854452","50140701.684"
"20210624","1504.8079","1531.2377","1537.5767","1496.9428","1534.3008","-29.4929","-1.9222","14070093","52396247.766"
"20210623","1534.3008","1530.6356","1551.9191","1516.6888","1523.3628","10.938","0.718","16034833","60476807.451"
"20210622","1523.3628","1531.5201","1534.4254","1506.3066","1528.1267","-4.7639","-0.3117","19707938","52742259.842"
"20210621","1528.1267","1485.66","1529.2843","1482.4864","1494.7009","33.4258","2.2363","10219505","51327326.484"
"20210618","1494.7009","1475.2089","1499.8239","1474.6843","1473.5119","21.189","1.438","10061074","49393830.003"
"20210617","1473.5119","1409.0464","1477.049","1409.0464","1406.4701","67.0418","4.7667","11908654","50681775.516"
"20210616","1406.4701","1452.9459","1454.9208","1404.689","1448.2004","-41.7303","-2.8815","8539387","40793261.35"
"20210615","1448.2004","1442.0868","1467.4683","1435.0533","1436.2754","11.925","0.8303","10071064","45159091.638"
"20210611","1436.2754","1453.5999","1455.6558","1433.0607","1450.4038","-14.1284","-0.9741","10683273","50396679.24"
"20210610","1450.4038","1427.8708","1455.8284","1426.4914","1427.321","23.0828","1.6172","10102674","44182355.496"
"20210609","1427.321","1420.3062","1442.1619","1417.7675","1419.0751","8.2459","0.5811","8264218","38843313.291"
"20210608","1419.0751","1443.7446","1446.3779","1411.2287","1433.565","-14.4899","-1.0108","9490826","44630369.656"
"20210607","1433.565","1443.8616","1451.3862","1425.1148","1431.522","2.043","0.1427","10420182","42593187.431"
"20210604","1431.522","1406.3145","1445.1442","1405.5064","1414.5342","16.9878","1.2009","10000221","38867525.998"
"20210603","1414.5342","1425.7959","1438.6404","1410.1209","1426.8466","-12.3124","-0.8629","11441596","41140115.339"
"20210602","1426.8466","1461.7363","1465.1601","1423.4526","1460.5432","-33.6966","-2.3071","14395871","51265799.614"
"20210601","1460.5432","1437.317","1467.9398","1432.9668","1442.6682","17.875","1.239","15904982","52542498.096"
"20210531","1442.6682","1398.1925","1442.6682","1398.1925","1386.0385","56.6297","4.0857","16376296","47689304.716"
"20210528","1386.0385","1395.4269","1414.6095","1381.4536","1397.7685","-11.73","-0.8392","21565099","44217151.419"
"20210527","1397.7685","1362.9473","1400.3773","1361.0099","1364.0368","33.7317","2.4729","8323018","39612624.259"
"20210526","1364.0368","1371.7814","1375.8099","1360.5891","1370.121","-6.0842","-0.4441","6150436","31014348.738"
"20210525","1370.121","1329.6762","1371.5883","1329.6762","1330.8721","39.2489","2.9491","6243466","33248470.662"
"20210524","1330.8721","1314.7921","1333.4194","1304.6401","1315.2065","15.6656","1.1911","5612988","28963844.573"
"20210521","1315.2065","1334.6006","1341.2782","1314.3974","1329.7908","-14.5843","-1.0967","6261344","29856622.126"
"20210520","1329.7908","1322.0457","1339.972","1321.0416","1326.1434","3.6474","0.275","6869658","31439268.587"
"20210519","1326.1434","1320.6797","1335.2511","1318.1551","1321.6411","4.5023","0.3407","7668543","30292582.973"
"20210518","1321.6411","1330.4724","1332.3211","1316.3799","1328.9164","-7.2753","-0.5475","5422690","28134249.952"
"20210517","1328.9164","1303.0827","1338.2904","1301.0574","1300.5353","28.3811","2.1823","5946864","33438069.418"
"20210514","1300.5353","1277.9689","1301.3749","1273.9556","1275.4766","25.0587","1.9647","5060970","26604846.56"
"20210513","1275.4766","1257.8666","1287.921","1257.8666","1270.9074","4.5692","0.3595","5027245","24950591.937"
"20210512","1270.9074","1254.7379","1273.6855","1251.8105","1258.1073","12.8001","1.0174","4739303","24180662.677"
"20210511","1258.1073","1243.8093","1260.82","1240.2006","1254.4859","3.6214","0.2887","4367330","22551893.756"
"20210510","1254.4859","1262.4841","1265.8015","1249.4867","1263.8969","-9.411","-0.7446","4379785","24427798.637"
"20210507","1263.8969","1311.6565","1315.752","1263.6868","1310.125","-46.2281","-3.5285","4847937","27879511.741"
"20210506","1310.125","1321.2138","1322.6819","1298.9111","1322.2396","-12.1146","-0.9162","4730640","29484876.049"
"20210430","1322.2396","1319.008","1327.3675","1313.8254","1324.0547","-1.8151","-0.1371","6061533","34987167.416"
"20210429","1324.0547","1320.8884","1337.8502","1312.9405","1324.2358","-0.1811","-0.0137","5513658","31421906.943"
"20210428","1324.2358","1318.5481","1326.0059","1304.3314","1311.9129","12.3229","0.9393","5728293","33119088.968"
"20210427","1311.9129","1310.6593","1316.2025","1297.266","1314.9072","-2.9943","-0.2277","5052354","28414528.413"
"20210426","1314.9072","1315.5149","1335.4661","1313.0568","1311.8272","3.08","0.2348","6231161","37525801.738"
"20210423","1311.8272","1303.2925","1318.3006","1300.102","1305.1805","6.6467","0.5093","4761955","26846069.183"
"20210422","1305.1805","1288.5833","1308.3421","1288.5833","1286.855","18.3255","1.4241","4982010","27191379.706"
"20210421","1286.855","1285.3118","1291.5319","1275.6085","1290.5026","-3.6476","-0.2826","5194641","26179862.056"
"20210420","1290.5026","1295.6107","1304.7648","1290.0194","1299.0072","-8.5046","-0.6547","6992433","32150302.496"
"20210419","1299.0072","1273.0801","1300.5424","1268.9866","1274.7023","24.3049","1.9067","6874662","29702852.52"
"20210416","1274.7023","1265.1498","1279.2862","1255.8404","1264.1578","10.5445","0.8341","4652616","22040894.551"
"20210415","1264.1578","1250.3591","1266.5767","1245.1786","1254.7097","9.4481","0.753","3525387","18377244.15"
"20210414","1254.7097","1243.2447","1258.1666","1243.2447","1241.3979","13.3118","1.0723","3526558","18282043.917"
"20210413","1241.3979","1242.7579","1259.0362","1239.462","1243.4959","-2.098","-0.1687","3849525","18215072.975"
"20210412","1243.4959","1269.0164","1280.0779","1240.4425","1271.4428","-27.9469","-2.198","4406542","21808873.175"
"20210409","1271.4428","1290.3149","1296.8573","1269.9184","1291.8566","-20.4138","-1.5802","4141692","21190639.933"
"20210408","1291.8566","1293.6405","1305.4275","1287.0123","1298.7847","-6.9281","-0.5334","4764705","23521508.4"
"20210407","1298.7847","1296.8168","1300.7716","1283.1572","1296.6196","2.1651","0.167","4135531","21052827.639"
"20210406","1296.6196","1304.6418","1309.9482","1291.9245","1299.9198","-3.3002","-0.2539","4364205","21112141.616"
"20210402","1299.9198","1276.0341","1302.6173","1274.3807","1266.7451","33.1747","2.6189","5421746","27831421.868"
"20210401","1266.7451","1250.9978","1269.8783","1248.9644","1248.3317","18.4134","1.475","4255372","21356111.629"
"20210331","1248.3317","1248.1606","1253.7873","1236.2608","1248.3415","-0.0098","-0.0008","3552431","17697793.86"
"20210330","1248.3415","1250.2822","1259.2793","1245.0068","1250.7696","-2.4281","-0.1941","3490176","18175300.294"
"20210329","1250.7696","1262.2904","1263.4358","1248.327","1256.6638","-5.8942","-0.469","3478752","18109326.458"
"20210326","1256.6638","1224.6435","1258.1642","1224.6435","1219.7097","36.9541","3.0297","3534232","18385482.411"
"20210325","1219.7097","1212.83","1231.9608","1212.3827","1221.4468","-1.7371","-0.1422","3365032","17372560.78"
"20210324","1221.4468","1228.6053","1244.4515","1219.5068","1236.4736","-15.0268","-1.2153","3866384","18395085.417"
"20210323","1236.4736","1246.361","1257.3752","1232.259","1242.7556","-6.282","-0.5055","4327683","19244190.567"
"20210322","1242.7556","1229.4669","1247.4945","1227.8357","1231.2922","11.4634","0.931","3570030","17705671.162"
"20210319","1231.2922","1226.4137","1242.1309","1221.4186","1241.31","-10.0178","-0.807","3970796","19373367.917"
"20210318","1241.31","1241.5625","1251.5595","1237.6167","1236.5406","4.7694","0.3857","3572963","17983650.644"
"20210317","1236.5406","1220.4463","1237.9081","1213.3455","1220.3665","16.1741","1.3253","3172300","16850207.758"
"20210316","1220.3665","1223.7954","1231.9906","1212.3398","1223.3899","-3.0234","-0.2471","3304112","17683260.828"
"20210315","1223.3899","1254.6753","1254.6753","1213.4295","1261.3246","-37.9347","-3.0075","3478461","20858496.45"
"20210312","1261.3246","1268.4422","1269.2061","1251.197","1267.3009","-5.9763","-0.4716","3716221","22424517.106"
"20210311","1267.3009","1241.1033","1273.9619","1227.3324","1232.735","34.5659","2.804","3855338","25001092.09"
"20210310","1232.735","1251.183","1258.881","1227.4158","1230.1371","2.5979","0.2112","3711132","19600521.88"
"20210309","1230.1371","1275.3229","1278.3243","1227.182","1275.4562","-45.3191","-3.5532","5040233","26492249.55"
"20210308","1275.4562","1337.0213","1340.4153","1275.4562","1329.8392","-54.383","-4.0894","4922588","28984739.806"
"20210305","1329.8392","1307.0636","1338.8254","1305.916","1324.1584","5.6808","0.429","3836834","23076216.333"
"20210304","1324.1584","1358.2833","1362.9943","1322.3375","1359.3978","-35.2394","-2.5923","5243798","29925857.446"
"20210303","1359.3978","1350.0074","1359.7916","1340.3222","1352.0436","7.3542","0.5439","4491709","28112309.641"
"20210302","1352.0436","1373.0314","1373.6599","1342.8965","1358.1412","-6.0976","-0.449","5245032","28183824.939"
"20210301","1358.1412","1339.9939","1359.7201","1337.1925","1325.5865","32.5547","2.4559","4967721","27942860.696"
"20210226","1325.5865","1319.8902","1344.1548","1319.6485","1349.711","-24.1245","-1.7874","4743338","27756646.976"
"20210225","1349.711","1373.8442","1375.613","1349.711","1365.6372","-15.9262","-1.1662","4900397","25511458.377"
"20210224","1365.6372","1393.7184","1398.3271","1358.4093","1390.5265","-24.8893","-1.7899","4513936","27847238.462"
"20210223","1390.5265","1371.6265","1401.5101","1370.9097","1389.9159","0.6106","0.0439","4358750","25718346.286"
"20210222","1389.9159","1431.5584","1436.8001","1388.5213","1427.9066","-37.9907","-2.6606","5450826","31366685.535"
"20210219","1427.9066","1426.101","1430.7221","1404.1475","1429.74","-1.8334","-0.1282","4339918","26403207.344"
"20210218","1429.74","1457.7965","1465.6813","1429.0858","1437.0247","-7.2847","-0.5069","4797954","31047946.462"
"20210210","1437.0247","1424.7737","1440.2116","1407.6446","1427.6823","9.3424","0.6544","4082148","27639423.326"
"20210209","1427.6823","1389.0651","1434.8707","1383.8564","1382.4816","45.2007","3.2695","3905478","25790978.324"
"20210208","1382.4816","1371.7543","1395.1449","1367.3272","1368.8003","13.6813","0.9995","3771755","23679081.698"
"20210205","1368.8003","1396.1248","1407.3245","1368.6528","1394.0966","-25.2963","-1.8145","4227634","26311162.686"
"20210204","1394.0966","1402.0893","1412.7128","1367.7127","1410.1465","-16.0499","-1.1382","4842044","27993705.422"
"20210203","1410.1465","1436.0038","1443.9764","1410.1465","1438.0584","-27.9119","-1.9409","5084930","30152505.307"
"20210202","1438.0584","1419.7111","1438.0868","1414.3587","1421.4807","16.5777","1.1662","4469188","27327224.246"
"20210201","1421.4807","1419.1797","1439.0389","1412.1587","1421.9618","-0.4811","-0.0338","4623272","28612523.106"
"20210129","1421.9618","1435.2835","1440.251","1400.6705","1421.5872","0.3746","0.0264","4920399","30162851.13"
"20210128","1421.5872","1441.3975","1461.8424","1418.9424","1458.3723","-36.7851","-2.5223","4281555","28182121.307"
"20210127","1458.3723","1481.486","1489.7587","1441.1761","1478.451","-20.0787","-1.3581","4527917","30381286.1"
"20210126","1478.451","1497.9992","1509.413","1471.3055","1498.595","-20.144","-1.3442","4841190","34015119.123"
"20210125","1498.595","1481.7379","1513.7253","1471.1805","1486.3075","12.2875","0.8267","6035836","42910105.115"
"20210122","1486.3075","1482.6459","1487.6145","1456.0156","1482.2847","4.0228","0.2714","5801637","40773614.492"
"20210121","1482.2847","1485.6495","1492.9472","1465.8868","1481.4526","0.8321","0.0562","5260490","33695348.549"
"20210120","1481.4526","1450.7178","1482.1113","1444.7375","1443.9205","37.5321","2.5993","4920432","31745829.673"
"20210119","1443.9205","1485.463","1489.2174","1441.6158","1481.2494","-37.3289","-2.5201","5731520","36172567.641"
"20210118","1481.2494","1443.8197","1496.3662","1437.0207","1447.5828","33.6666","2.3257","6290347","40072199.879"
"20210115","1447.5828","1450.8567","1465.6919","1431.4545","1447.2668","0.316","0.0218","6054884","36295712.714"
"20210114","1447.2668","1406.0497","1478.7529","1399.5588","1407.4146","39.8522","2.8316","7542993","40687823.84"
"20210113","1407.4146","1412.0725","1416.6616","1389.7677","1405.2226","2.192","0.156","5709620","33967491.777"
"20210112","1405.2226","1389.4666","1408.4155","1379.8032","1390.6553","14.5673","1.0475","4511353","29205335.511"
"20210111","1390.6553","1385.3531","1407.9141","1378.1175","1378.7397","11.9156","0.8642","5762420","37307166.814"
"20210108","1378.7397","1382.1486","1385.1151","1366.1829","1381.9421","-3.2024","-0.2317","5424099","35318626.639"
"20210107","1381.9421","1414.8967","1417.4289","1370.1896","1415.0221","-33.08","-2.3378","6633573","41545663.417"
"20210106","1415.0221","1430.0675","1434.1945","1408.0555","1425.16","-10.1379","-0.7114","6071455","36142763.293"
"20210105","1425.16","1413.1818","1427.1207","1409.5412","1422.1246","3.0354","0.2134","6097512","38510325.529"
"20210104","1422.1246","1398.9557","1425.697","1389.5854","1393.0272","29.0974","2.0888","5855451","39021079.336"
"20201231","1393.0272","1370.4413","1394.7391","1368.47","1362.9107","30.1165","2.2097","5460861","36316902.72"
"20201230","1362.9107","1336.7202","1367.7624","1335.2072","1337.4696","25.4411","1.9022","5200486","32904164.973"
"20201229","1337.4696","1338.2399","1353.0612","1336.0901","1339.0068","-1.5372","-0.1148","4819255","25857884.011"
"20201228","1339.0068","1345.2989","1349.3496","1335.2532","1349.7931","-10.7863","-0.7991","5208984","28804865.985"
"20201225","1349.7931","1348.4717","1357.6506","1340.7892","1348.0134","1.7797","0.132","4981681","26650843.7"
"20201224","1348.0134","1378.3835","1384.3115","1347.7976","1376.5953","-28.5819","-2.0763","5764382","30082831.674"
"20201223","1376.5953","1359.7276","1378.6058","1355.2452","1358.6185","17.9768","1.3232","5196093","29462096"
"20201222","1358.6185","1383.2888","1390.9858","1355.9715","1388.6685","-30.05","-2.1639","5162246","30438971.878"
"20201221","1388.6685","1359.6852","1390.5929","1355.9254","1361.108","27.5605","2.0249","5212184","30648978.789"
"20201218","1361.108","1381.4819","1381.4819","1357.7711","1363.3594","-2.2514","-0.1651","4663221","26611979.498"
"20201217","1363.3594","1343.2814","1364.8803","1339.8978","1345.1327","18.2267","1.355","4798301","28146396.485"
"20201216","1345.1327","1357.2222","1357.2222","1339.9581","1363.1833","-18.0506","-1.3242","5560614","33603798.952"
"20201215","1363.1833","1373.9593","1379.7689","1357.3638","1375.0635","-11.8802","-0.864","4713483","27105427.946"
"20201214","1375.0635","1361.6068","1380.0487","1353.8981","1362.9608","12.1027","0.888","4584335","26012355.185"
"20201211","1362.9608","1362.3437","1365.4317","1345.316","1360.1842","2.7766","0.2041","6665413","36417145.365"
"20201210","1360.1842","1363.0033","1370.8285","1355.8829","1365.0375","-4.8533","-0.3555","5043398","29641890.244"
"20201209","1365.0375","1400.5665","1404.2317","1364.1951","1398.7298","-33.6923","-2.4088","4783357","25875931.953"
"20201208","1398.7298","1405.7192","1408.7868","1397.551","1406.1941","-7.4643","-0.5308","4279576","24149351.342"
"20201207","1406.1941","1410.4976","1417.7766","1403.4201","1404.8659","1.3282","0.0945","4758978","27388968.317"
"20201204","1404.8659","1409.5915","1410.9282","1401.5304","1410.8293","-5.9634","-0.4227","4178597","23365429.253"
"20201203","1410.8293","1410.4351","1418.1231","1398.0995","1408.4882","2.3411","0.1662","4585012","24754049.993"
"20201202","1408.4882","1408.6704","1419.1076","1403.7274","1404.2375","4.2507","0.3027","5738486","30701966.235"
"20201201","1404.2375","1386.5778","1408.0376","1381.9561","1385.4828","18.7547","1.3537","3731742","22256174.12"
"20201130","1385.4828","1392.9541","1397.0145","1380.2173","1387.7688","-2.286","-0.1647","4183574","25008644.813"
"20201127","1387.7688","1386.6546","1398.1427","1380.6407","1385.3103","2.4585","0.1775","3723177","20984495.376"
"20201126","1385.3103","1386.2137","1398.5671","1380.1303","1388.3639","-3.0536","-0.2199","3800503","21603493.4"
"20201125","1388.3639","1414.1887","1414.5144","1387.5569","1412.7466","-24.3827","-1.7259","4652580","26488928.819"
"20201124","1412.7466","1412.0244","1420.3439","1409.3969","1418.1014","-5.3548","-0.3776","4864347","27536383.615"
"20201123","1418.1014","1429.3892","1429.3892","1412.0226","1430.7197","-12.6183","-0.882","4743939","25854985.87"
"20201120","1430.7197","1433.9469","1442.3083","1427.3091","1435.9245","-5.2048","-0.3625","4702930","23421296.686"
"20201119","1435.9245","1415.6368","1436.4879","1408.2186","1419.2262","16.6983","1.1766","4496034","22954188.646"
"20201118","1419.2262","1431.6594","1441.2247","1418.3613","1430.8084","-11.5822","-0.8095","5021121","26304109.095"
"20201117","1430.8084","1455.2311","1455.2311","1425.2591","1446.9513","-16.1429","-1.1156","4858681","26785769.36"
"20201116","1446.9513","1520.2737","1520.2737","1444.3946","1436.887","10.0643","0.7004","4716782","26215785.252"
"20201113","1436.887","1406.6849","1441.0067","1401.461","1413.2936","23.5934","1.6694","4160211","23627754.016"
"20201112","1413.2936","1404.8095","1421.7398","1404.5715","1395.51","17.7836","1.2743","4220596","23261592.941"
"20201111","1395.51","1440.7792","1441.0049","1393.7349","1441.965","-46.455","-3.2216","5615446","32561808.637"
"20201110","1441.965","1483.656","1483.656","1438.5865","1485.1478","-43.1828","-2.9076","5811330","33881578.512"
"20201109","1485.1478","1446.4716","1491.5152","1442.6223","1441.4739","43.6739","3.0298","7796951","45618788.21"
"20201106","1441.4739","1477.5278","1477.5278","1429.1191","1475.3752","-33.9013","-2.2978","4453441","26228602.226"
"20201105","1475.3752","1477.6142","1479.4708","1453.7243","1458.8957","16.4795","1.1296","4796505","27364524.126"
"20201104","1458.8957","1454.73","1462.6744","1443.4236","1449.0068","9.8889","0.6825","4180001","24098062.962"
"20201103","1449.0068","1403.6429","1451.6319","1402.2637","1400.9122","48.0946","3.4331","5020761","28680493.307"
"20201102","1400.9122","1402.0829","1406.9352","1370.8999","1393.9095","7.0027","0.5024","5250701","28983972.084"
"20201030","1393.9095","1413.5108","1430.1186","1393.9095","1412.0554","-18.1459","-1.2851","6123725","35304499.985"
"20201029","1412.0554","1394.2803","1418.4061","1387.3837","1406.0745","5.9809","0.4254","4612046","26794454.255"
"20201028","1406.0745","1396.5597","1413.6585","1392.0673","1385.7453","20.3292","1.467","4166346","24310315.128"
"20201027","1385.7453","1359.1758","1386.8033","1354.8069","1356.1074","29.6379","2.1855","3147773","19204476.095"
"20201026","1356.1074","1332.6842","1364.9658","1313.4511","1336.527","19.5804","1.465","3074009","18436475.066"
"20201023","1336.527","1380.3698","1389.5165","1336.373","1376.5804","-40.0534","-2.9096","3775379","23887906.287"
"20201022","1376.5804","1395.1306","1395.1306","1373.5056","1396.9773","-20.3969","-1.4601","3329097","21553842.422"
"20201021","1396.9773","1427.2363","1429.4538","1396.1225","1426.181","-29.2037","-2.0477","3849928","23104114.708"
"20201020","1426.181","1413.8658","1428.0754","1402.7109","1412.1484","14.0326","0.9937","3879556","22134582.969"
"20201019","1412.1484","1444.8406","1446.4907","1411.2694","1438.5283","-26.3799","-1.8338","4009461","25584666.218"
"20201016","1438.5283","1457.1513","1461.8287","1429.0797","1453.7887","-15.2604","-1.0497","3777447","22630827.773"
"20201015","1453.7887","1489.3806","1492.9969","1451.8771","1488.6697","-34.881","-2.3431","4520312","26861929.746"
"20201014","1488.6697","1495.3401","1498.0027","1481.1209","1497.5955","-8.9258","-0.596","4673418","25563811.851"
"20201013","1497.5955","1491.8546","1498.8282","1485.1321","1490.5754","7.0201","0.471","5095454","27840585.366"
"20201012","1490.5754","1475.2581","1491.605","1469.6515","1465.9591","24.6163","1.6792","6598166","35293726.351"
"20201009","1465.9591","1446.5161","1467.983","1446.5161","1418.7961","47.163","3.3242","4921015","24754719.794"
"20200930","1418.7961","1394.8631","1431.8762","1393.9116","1389.9628","28.8333","2.0744","3985063","20256329.556"
"20200929","1389.9628","1345.9908","1403.4346","1345.9908","1338.9521","51.0107","3.8097","4293616","21227415.374"
"20200928","1338.9521","1367.462","1369.039","1335.9926","1364.0245","-25.0724","-1.8381","4523227","22568496.17"
"20200925","1364.0245","1399.3884","1402.675","1360.5504","1394.9263","-30.9018","-2.2153","3824131","19971286.165"
"20200924","1394.9263","1412.1571","1416.3779","1392.014","1423.9035","-28.9772","-2.0351","5031487","24940740.42"
"20200923","1423.9035","1401.3748","1440.6395","1400.2817","1390.0862","33.8173","2.4327","6208908","30743660.639"
"20200922","1390.0862","1389.7831","1403.2588","1379.0104","1397.7463","-7.6601","-0.548","5571567","27299775.53"
"20200921","1397.7463","1407.0685","1411.5049","1390.9045","1403.8988","-6.1525","-0.4382","5173416","27612911.98"
"20200918","1403.8988","1386.3824","1403.919","1379.9158","1383.5899","20.3089","1.4678","6376210","30212127.551"
"20200917","1383.5899","1347.4536","1393.853","1335.0274","1349.6719","33.918","2.5131","8406254","36518775.884"
"20200916","1349.6719","1363.3186","1364.4173","1341.6757","1364.6026","-14.9307","-1.0941","4133686","20704595.574"
"20200915","1364.6026","1348.7882","1372.4398","1334.8168","1348.0697","16.5329","1.2264","4109504","22576948.542"
"20200914","1348.0697","1334.9847","1372.8277","1334.9847","1312.5123","35.5574","2.7091","4373248","24507233.504"
"20200911","1312.5123","1279.8406","1313.8472","1272.8442","1280.1888","32.3235","2.5249","4036201","20366235.616"
"20200910","1280.1888","1309.3155","1321.0598","1276.4983","1298.0784","-17.8896","-1.3782","4750599","23353059.949"
"20200909","1298.0784","1331.4285","1332.0747","1289.3502","1344.6124","-46.534","-3.4608","6252185","29373070.918"
"20200908","1344.6124","1356.8211","1363.2754","1328.9241","1356.6991","-12.0867","-0.8909","4448545","26848112.397"
"20200907","1356.6991","1387.4929","1394.9037","1349.7673","1390.2835","-33.5844","-2.4157","6207608","36867638.316"
"20200904","1390.2835","1377.3939","1396.0039","1371.1643","1402.1443","-11.8608","-0.8459","4909810","29608111.465"
"20200903","1402.1443","1422.4154","1423.8929","1396.1111","1422.9526","-20.8083","-1.4623","5304861","31018071.537"
"20200902","1422.9526","1430.8669","1434.9204","1411.842","1426.6505","-3.6979","-0.2592","4919830","28487959.233"
"20200901","1426.6505","1424.4333","1435.6476","1419.6013","1423.2355","3.415","0.2399","4431871","24755292.416"
"20200831","1423.2355","1417.6635","1441.4578","1417.6578","1413.6374","9.5981","0.679","5475692","31463771.648"
"20200828","1413.6374","1415.6485","1416.8167","1393.8469","1417.5587","-3.9213","-0.2766","5652897","34076318.139"
"20200827","1417.5587","1389.9399","1429.955","1380.125","1383.305","34.2537","2.4762","6056520","32528230.159"
"20200826","1383.305","1422.0026","1430.7877","1377.2066","1427.7048","-44.3998","-3.1099","6544953","35154034.864"
"20200825","1427.7048","1449.5374","1462.8962","1424.4151","1450.6667","-22.9619","-1.5829","5269909","28269377.099"
"20200824","1450.6667","1453.4923","1457.5771","1421.8894","1447.7135","2.9532","0.204","5606668","29855211.003"
"20200821","1447.7135","1447.8013","1467.9805","1443.5203","1442.5793","5.1342","0.3559","5215102","27691331.562"
"20200820","1442.5793","1460.0349","1473.0528","1438.4556","1472.0212","-29.4419","-2.0001","6154748","32206408.514"
"20200819","1472.0212","1516.9763","1517.8933","1470.344","1512.5092","-40.488","-2.6769","8016528","42729476.783"
"20200818","1512.5092","1496.4213","1512.7557","1492.9592","1496.4003","16.1089","1.0765","7946743","45462336.09"
"20200817","1496.4003","1486.8129","1501.2509","1471.9158","1484.0407","12.3596","0.8328","7506811","38489792.373"
"20200814","1484.0407","1466.795","1486.4016","1453.7359","1468.2291","15.8116","1.0769","4313049","29906442.951"
"20200813","1468.2291","1465.6044","1482.6307","1453.3811","1458.6425","9.5866","0.6572","4944971","37719205.369"
"20200812","1458.6425","1485.5571","1488.88","1422.7308","1491.8414","-33.1989","-2.2254","6336105","42597006.679"
"20200811","1491.8414","1531.6047","1539.8359","1490.8349","1535.5971","-43.7557","-2.8494","5771384","38932760.654"
"20200810","1535.5971","1520.1025","1555.6842","1507.2707","1526.8034","8.7937","0.576","6018437","43695168.799"
"20200807","1526.8034","1561.8557","1568.5611","1492.2461","1573.869","-47.0656","-2.9904","7357510","50034092.741"
"20200806","1573.869","1582.4745","1589.7518","1552.5356","1588.6219","-14.7529","-0.9287","6986209","50466276.943"
"20200805","1588.6219","1592.3878","1597.4714","1556.6811","1566.0553","22.5666","1.441","7167247","51790274.122"
"20200804","1566.0553","1620.7948","1628.138","1555.9031","1622.8132","-56.7579","-3.4975","7827533","55106588.631"
"20200803","1622.8132","1533.2272","1622.8132","1533.2272","1512.9764","109.8368","7.2597","9665389","66759438.506"
"20200731","1512.9764","1469.0996","1513.7613","1467.7757","1472.7914","40.185","2.7285","8554323","59272295.221"
"20200730","1472.7914","1484.4299","1496.269","1467.7982","1476.9248","-4.1334","-0.2799","7402878","50620078.654"
"20200729","1476.9248","1400.9201","1476.9248","1395.9744","1400.5353","76.3895","5.4543","7326990","48468194.584"
"20200728","1400.5353","1385.7933","1404.9026","1383.2842","1374.5189","26.0164","1.8928","5444707","33909664.447"
"20200727","1374.5189","1396.4882","1403.1125","1361.9814","1389.3051","-14.7862","-1.0643","6206763","38244656.359"
"20200724","1389.3051","1467.1027","1474.4601","1389.3051","1494.1393","-104.8342","-7.0164","10254387","58754658.081"
"20200723","1494.1393","1487.1965","1512.4677","1459.7342","1497.2305","-3.0912","-0.2065","8947755","57698592.616"
"20200722","1497.2305","1474.0151","1519.1222","1468.1118","1490.1714","7.0591","0.4737","9910810.97","64406298.258"
"20200721","1490.1714","1456.4868","1499.8536","1454.588","1459.0339","31.1375","2.1341","7598157","49947393.973"
"20200720","1459.0339","1459.7843","1463.7069","1388.277","1443.3965","15.6374","1.0834","9053350.01","57905387.955"
"20200717","1443.3965","1475.4641","1495.9136","1425.6423","1469.7978","-26.4013","-1.7963","8965055.76","56025843.852"
"20200716","1469.7978","1606.4351","1612.3281","1460.64","1612.0349","-142.2371","-8.8235","13819920.26","97427952.652"
"20200715","1612.0349","1702.5807","1707.6328","1611.9106","1701.5824","-89.5475","-5.2626","10008757.26","68051034.073"
"20200714","1701.5824","1714.8712","1726.1926","1647.6415","1721.9764","-20.394","-1.1843","9448435.48","62020287.102"
"20200713","1721.9764","1647.1828","1721.9764","1640.9838","1654.8264","67.15","4.0578","8097677.94","52812436.503"
"20200710","1654.8264","1653.5045","1682.6191","1633.1829","1666.8502","-12.0238","-0.7213","7818090.11","50611873.531"
"20200709","1666.8502","1596.9839","1681.9061","1594.2555","1599.9053","66.9449","4.1843","9680794.36","57622342.895"
"20200708","1599.9053","1572.7764","1608.1927","1555.3059","1572.189","27.7163","1.7629","7913151.86","45006799.899"
"20200707","1572.189","1550.2962","1617.5998","1550.2962","1538.402","33.787","2.1962","10320028.01","55697521.536"
"20200706","1538.402","1445.607","1547.1352","1444.6859","1438.5851","99.8169","6.9385","9449414.67","46127039.527"
"20200703","1438.5851","1435.0821","1441.0887","1408.0799","1437.0521","1.533","0.1067","6024870.37","31709384.931"
"20200702","1437.0521","1439.0094","1452.745","1424.1484","1439.8778","-2.8257","-0.1962","5994840.48","32374847.14"
"20200701","1439.8778","1453.2515","1459.7705","1417.6017","1447.8856","-8.0078","-0.5531","6278613.52","33221522.578"
"20200630","1447.8856","1410.5773","1454.3065","1410.5773","1401.644","46.2416","3.2991","5533660.39","28948822.613"
"20200629","1401.644","1415.911","1415.911","1393.7148","1424.2771","-22.6331","-1.5891","5241554.58","25493640.883"
"20200624","1424.2771","1408.5477","1432.9879","1406.8688","1407.1925","17.0846","1.2141","6376433.04","31501429.734"
"20200623","1407.1925","1365.3292","1407.1925","1365.3292","1371.2069","35.9856","2.6244","5800882.24","28882768.472"
"20200622","1371.2069","1347.9423","1380.374","1347.9423","1325.1466","46.0603","3.4759","7112389.8","33903733.976"
"20200619","1325.1466","1301.0208","1329.202","1301.0208","1302.3711","22.7755","1.7488","4724995.14","23066336.736"
"20200618","1302.3711","1289.7652","1304.4857","1286.4731","1291.1171","11.254","0.8716","4995969.24","24188476.063"
"20200617","1291.1171","1291.0353","1299.7768","1280.5193","1289.1346","1.9825","0.1538","5459737.3","26075359.829"
"20200616","1289.1346","1259.0858","1289.1346","1259.0858","1249.9087","39.2259","3.1383","5315518","25780402.655"
"20200615","1249.9087","1262.4755","1271.9054","1249.5828","1262.2901","-12.3814","-0.9809","4679291.83","22955299.049"
"20200612","1262.2901","1246.8028","1268.4599","1246.8028","1273.5896","-11.2995","-0.8872","4809826.23","22113866.914"
"20200611","1273.5896","1270.7235","1294.3397","1265.3776","1269.978","3.6116","0.2844","5348532.49","24499760.302"
"20200610","1269.978","1278.0743","1278.0743","1265.1112","1278.5069","-8.5289","-0.6671","5710625.26","22717977.191"
"20200609","1278.5069","1277.4465","1278.8515","1269.1124","1280.0526","-1.5457","-0.1208","4279470.81","21815816.253"
"20200608","1280.0526","1306.4968","1311.6822","1277.2889","1297.3057","-17.2531","-1.3299","4728842.52","24492202.638"
"20200605","1297.3057","1300.2535","1307.8866","1292.0506","1299.8034","-2.4977","-0.1922","4740083.33","23969376.504"
"20200604","1299.8034","1295.155","1306.0673","1291.2077","1294.2802","5.5232","0.4267","5499727.85","26653572.188"
"20200603","1294.2802","1305.734","1314.1444","1293.595","1305.6365","-11.3563","-0.8698","4800510.23","26350277.312"
"20200602","1305.6365","1305.7973","1312.5164","1294.2191","1300.7411","4.8954","0.3764","4847517.85","26330461.544"
"20200601","1300.7411","1257.9659","1309.9596","1257.9659","1246.1109","54.6302","4.3841","5072010.78","26138799.847"
"20200529","1246.1109","1227.2003","1267.4265","1227.2003","1232.2199","13.891","1.1273","4498588.34","22356906.676"
"20200528","1232.2199","1251.0592","1256.2175","1206.6174","1253.272","-21.0521","-1.6798","4239302.27","21204276.758"
"20200527","1253.272","1271.4568","1281.2054","1251.0817","1272.6605","-19.3885","-1.5235","4571550.47","21537386.959"
"20200526","1272.6605","1217.6223","1272.9197","1217.6223","1212.0871","60.5734","4.9974","4465922.14","20624875.954"
"20200525","1212.0871","1223.866","1227.5593","1205.7252","1230.6585","-18.5714","-1.5091","3390681.53","16447330.918"
"20200522","1230.6585","1247.6045","1258.3142","1208.8198","1251.9308","-21.2723","-1.6992","4240916.63","20607686.622"
"20200521","1251.9308","1305.9116","1309.5049","1251.5228","1306.9976","-55.0668","-4.2132","4949058.34","24672708.158"
"20200520","1306.9976","1317.4035","1348.5767","1297.6731","1324.4176","-17.42","-1.3153","5623680.83","28703402.968"
"20200519","1324.4176","1260.2208","1324.4176","1260.2208","1254.299","70.1186","5.5903","4807584.34","25379365.377"
"20200518","1254.299","1279.2904","1279.2904","1253.3279","1270.4805","-16.1815","-1.2737","5082221.06","26658565.426"
"20200515","1270.4805","1244.7412","1280.0498","1244.7412","1242.1685","28.312","2.2792","4315539.86","21383972.249"
"20200514","1242.1685","1241.8444","1258.2535","1238.2297","1247.034","-4.8655","-0.3902","4678296.37","20564429.914"
"20200513","1247.034","1227.7222","1252.5778","1227.7222","1233.5918","13.4422","1.0897","4068998.77","18802534.322"
"20200512","1233.5918","1222.3869","1233.6392","1203.1469","1226.0614","7.5304","0.6142","3822613.93","17346775.223"
"20200511","1226.0614","1244.3032","1268.0773","1215.9698","1240.2455","-14.1841","-1.1437","4125489.7","19265721.58"
"20200508","1240.2455","1230.9069","1272.6249","1230.9069","1224.1045","16.141","1.3186","4659406.89","21029284.772"
"20200507","1224.1045","1249.6362","1249.6362","1218.2383","1247.5125","-23.408","-1.8764","5422596.35","22549913.018"
"20200506","1247.5125","1155.117","1252.7544","1155.117","1166.348","81.1645","6.9589","5630939.9","24199155.642"
"20200430","1166.348","1107.4261","1171.7996","1107.4261","1102.6982","63.6498","5.7722","4087211.42","17154966.598"
"20200429","1102.6982","1105.6001","1125.193","1102.5717","1113.5126","-10.8144","-0.9712","3100417.9","12309269.653"
"20200428","1113.5126","1130.6148","1130.6148","1037.26","1138.0998","-24.5872","-2.1604","4609236.37","17843965.585"
"20200427","1138.0998","1140.1939","1145.7475","1136.2336","1144.153","-6.0532","-0.5291","3145268.71","13554399.07"
"20200424","1144.153","1148.5901","1155.5429","1139.3054","1149.7162","-5.5632","-0.4839","3590074.86","13544462.915"
"20200423","1149.7162","1140.8013","1157.8689","1140.5493","1135.8487","13.8675","1.2209","4052550.44","14290717.406"
"20200422","1135.8487","1108.6826","1135.8487","1108.6826","1119.2289","16.6198","1.4849","3821580.47","11812376.878"
"20200421","1119.2289","1127.6581","1127.6581","1108.476","1133.361","-14.1321","-1.2469","3842314.48","10679236.463"
"20200420","1133.361","1119.2585","1133.361","1115.7224","1117.07","16.291","1.4584","5014214.02","11803076.473"
"20200417","1117.07","1102.6574","1129.1195","1102.6574","1091.9326","25.1374","2.3021","2585719.47","12159868.682"
"20200416","1091.9326","1080.8726","1097.1977","1080.8726","1088.203","3.7296","0.3427","1784416.97","8710350.178"
"20200415","1088.203","1076.9412","1101.6743","1076.9412","1073.2172","14.9858","1.3963","1662278.63","9010288.213"
"20200414","1073.2172","1049.2117","1073.2172","1049.2117","1042.1452","31.072","2.9815","1430019.69","6939273.662"
"20200413","1042.1452","1048.2062","1052.0055","1038.818","1058.44","-16.2948","-1.5395","1519103.2","7140800.283"
"20200410","1058.44","1100.368","1100.368","1054.3459","1101.2814","-42.8414","-3.8901","2271444.59","10912793.906"
"20200409","1101.2814","1107.4743","1110.0596","1094.9236","1104.1448","-2.8634","-0.2593","2031734.92","9585174.464"
"20200408","1104.1448","1104.9553","1117.8064","1100.3095","1111.6535","-7.5087","-0.6755","1707432.71","8423084.598"
"20200407","1111.6535","1109.6114","1117.7889","1108.7778","1080.5303","31.1232","2.8804","1986226.64","9755513.864"
"20200403","1080.5303","1089.2419","1095.3112","1074.1858","1094.8263","-14.296","-1.3058","1814409.81","9302559.13"
"20200402","1094.8263","1033.559","1094.8263","1033.559","1037.9274","56.8989","5.482","2093097.45","11138761.717"
"20200401","1037.9274","1026.575","1060.7077","1026.575","1029.7493","8.1781","0.7942","1750560.79","8830290.427"
"20200331","1029.7493","1048.7356","1055.2678","1027.2243","1035.8273","-6.078","-0.5868","1703671.65","8725613.569"
"20200330","1035.8273","1062.8986","1062.8986","1021.4988","1084.5054","-48.6781","-4.4885","2260875.62","11065143.743"
"20200327","1084.5054","1109.5416","1110.5368","1082.9317","1095.3381","-10.8327","-0.989","2292012.53","10640810.484"
"20200326","1095.3381","1093.331","1111.4841","1091.0044","1101.3194","-5.9813","-0.5431","2113778.99","10986345.455"
"20200325","1101.3194","1097.3089","1110.0985","1094.1629","1060.8431","40.4763","3.8155","2496325.76","12434802.515"
"20200324","1060.8431","1067.0136","1071.3398","1020.2491","1039.8841","20.959","2.0155","2368341.77","12167972.703"
"20200323","1039.8841","1092.501","1096.3995","1037.5282","1127.3694","-87.4853","-7.7601","2830474.41","13991481.718"
"20200320","1127.3694","1140.0924","1148.09","1114.291","1128.9734","-1.604","-0.1421","2355961.03","13145479.435"
"20200319","1128.9734","1116.2634","1133.6946","1091.24","1115.0188","13.9546","1.2515","2785031.83","14456418.824"
"20200318","1115.0188","1145.3023","1173.2342","1115.0188","1131.5472","-16.5284","-1.4607","2999560.33","15906593.165"
"20200317","1131.5472","1132.9488","1141.3882","1079.8384","1115.0839","16.4633","1.4764","2972677.85","15475001.526"
"20200316","1115.0839","1188.0777","1200.4637","1115.0839","1175.2816","-60.1977","-5.122","3181187.08","16930302.827"
"20200313","1175.2816","1103.9561","1187.7005","1103.9561","1167.0649","8.2167","0.704","3383309.86","17857156.876"
"20200312","1167.0649","1161.9219","1177.3596","1151.7852","1184.7101","-17.6452","-1.4894","2805383.69","13230717.967"
"20200311","1184.7101","1218.5161","1233.4261","1184.7101","1216.3284","-31.6183","-2.5995","4248509.27","18151329.837"
"20200310","1216.3284","1148.3965","1216.3284","1135.2091","1171.8592","44.4692","3.7948","4064920.4","20635332.923"
"20200309","1171.8592","1216.0351","1223.2463","1171.8592","1243.3725","-71.5133","-5.7516","3872702.67","18877583.868"
"20200306","1243.3725","1246.0962","1255.074","1237.6234","1264.7876","-21.4151","-1.6932","3261213.4","16884830.366"
"20200305","1264.7876","1277.706","1277.706","1246.7144","1255.7232","9.0644","0.7218","4312615.62","20746222.681"
"20200304","1255.7232","1268.834","1277.686","1226.8024","1285.0342","-29.311","-2.281","3819524.08","21539763.079"
"20200303","1285.0342","1278.2685","1332.8353","1272.0626","1252.6243","32.4099","2.5874","5122939.27","27537029.808"
"20200302","1252.6243","1202.9589","1259.0764","1194.9372","1191.0548","61.5695","5.1693","4979736.01","24240042.956"
"20200228","1191.0548","1206.858","1231.0944","1187.0962","1264.9407","-73.8859","-5.8411","5132083.97","27546301.318"
"20200227","1264.9407","1293.1869","1293.1869","1251.4512","1288.2418","-23.3011","-1.8088","5032823.38","28442351.821"
"20200226","1288.2418","1348.075","1361.0063","1286.3453","1367.3683","-79.1265","-5.7868","5015814.02","28837575.808"
"20200225","1367.3683","1312.4786","1371.5759","1312.4786","1351.7098","15.6585","1.1584","4611598.76","29202484.341"
"20200224","1351.7098","1341.9878","1359.2267","1328.7467","1346.8628","4.847","0.3599","4199988.2","27239430.462"
"20200221","1346.8628","1337.5566","1373.6669","1337.5566","1348.3377","-1.4749","-0.1094","4475454.98","32799336.628"
"20200220","1348.3377","1377.7562","1390.0194","1321.7335","1373.4439","-25.1062","-1.828","4222266.19","25495526.119"
"20200219","1373.4439","1398.7812","1412.1691","1373.4439","1399.3841","-25.9402","-1.8537","4783190.39","29390754.314"
"20200218","1399.3841","1381.583","1404.7123","1372.5255","1381.5532","17.8309","1.2906","4905608.71","31443906.973"
"20200217","1381.5532","1332.9652","1381.5532","1332.9652","1327.224","54.3292","4.0934","4969888.92","27951676.56"
"20200214","1327.224","1359.3728","1382.9554","1305.9737","1360.7094","-33.4854","-2.4609","5310166.42","30495954.578"
"20200213","1360.7094","1360.1289","1409.6835","1353.0449","1348.7019","12.0075","0.8903","6144055.01","35045997.41"
"20200212","1348.7019","1274.7963","1360.549","1274.7963","1283.5724","65.1295","5.0741","4763905.79","27605196.207"
"20200211","1283.5724","1318.4202","1318.4202","1266.2142","1322.2502","-38.6778","-2.9251","5037530.86","26632123.773"
"20200210","1322.2502","1310.5262","1336.5258","1293.4299","1307.7568","14.4934","1.1083","5932906.94","30052305.965"
"20200207","1307.7568","1240.0377","1307.7568","1234.2337","1238.7573","68.9995","5.5701","5664784.58","32385770.513"
"20200206","1238.7573","1191.7314","1251.8427","1191.7314","1203.6128","35.1445","2.9199","5589981.66","28886970.285"
"20200205","1203.6128","1166.9733","1240.3675","1166.9733","1153.2316","50.3812","4.3687","5860213.39","31235308.672"
"20200204","1153.2316","1049.9556","1153.2316","1049.9556","1030.5503","122.6813","11.9044","5286206.05","25214022.851"
"20200203","1030.5503","1018.276","1082.7892","1015.5965","1202.1022","-171.5519","-14.271","5466543.16","22392218.949"
"20200123","1202.1022","1219.2328","1262.4357","1177.0936","1244.5246","-42.4224","-3.4087","4425934.37","23901230.623"
"20200122","1244.5246","1178.7835","1247.6097","1157.2903","1195.0142","49.5104","4.1431","4794740.04","23124808.292"
"20200121","1195.0142","1233.6459","1247.8409","1194.7968","1240.5094","-45.4952","-3.6675","4206788.73","20822897.677"
"20200120","1240.5094","1239.4391","1270.3586","1208.6903","1238.6638","1.8456","0.149","5202591.97","25890091.114"
"20200117","1238.6638","1159.372","1252.5561","1159.372","1154.3028","84.361","7.3084","5873596.71","26076157.662"
"20200116","1154.3028","1116.5084","1161.4769","1116.5084","1114.7655","39.5373","3.5467","3085287.99","16115816.599"
"20200115","1114.7655","1113.2521","1120.3455","1105.5754","1118.3063","-3.5408","-0.3166","2420464.21","11554276.317"
"20200114","1118.3063","1107.7757","1133.8986","1107.7757","1105.8481","12.4582","1.1266","3262463.82","15303201.742"
"20200113","1105.8481","1076.7616","1105.8481","1069.7789","1076.4379","29.4102","2.7322","2466259.19","11640010.897"
"20200110","1076.4379","1082.3097","1088.5431","1076.4379","1078.3117","-1.8738","-0.1738","2515474.87","10766677.457"
"20200109","1078.3117","1060.5802","1081.4038","1060.5802","1051.1599","27.1518","2.583","2843420.95","12913099.511"
"20200108","1051.1599","1035.8362","1059.4361","1034.5129","1043.0833","8.0766","0.7743","3207626.5","13506584.528"
"20200107","1043.0833","1025.6627","1043.0833","1019.8577","1027.2773","15.806","1.5386","2675921.67","11953768.305"
"20200106","1027.2773","1019.9989","1040.1404","1019.9989","1024.4819","2.7954","0.2729","2663011.81","11978945.124"
"20200103","1024.4819","1021.6693","1029.0713","1018.6813","1019.7234","4.7585","0.4666","2160583.48","9677367.301"
"20200102","1019.7234","1005.6174","1019.9098","1005.6174","1000","19.7234","1.9723","2193852.76","9315104.841"
"20191231","1000","","","","","","","1516205.33","6818057.448"